{
  "parent": "minecraft:recipes/root",
  "rewards": {
    "recipes": [
      "minecraft:mossy_cobblestone_wall"
    ]
  },
  "criteria": {
    "has_mossy_cobblestone": {
      "trigger": "minecraft:inventory_changed",
      "conditions": {
        "items": [
          {
            "item": "minecraft:mossy_cobblestone"
          }
        ]
      }
    },
    "has_the_recipe": {
      "trigger": "minecraft:recipe_unlocked",
      "conditions": {
        "recipe": "mossy_cobblestone_wall"
      }
    }
  },
  "requirements": [
    [
      "has_mossy_cobblestone",
      "has_the_recipe"
    ]
  ]
}