{
  "parent": "minecraft:recipes/root",
  "rewards": {
    "recipes": [
      "minecraft:purple_shulker_box"
    ]
  },
  "criteria": {
    "has_the_recipe": {
      "trigger": "minecraft:recipe_unlocked",
      "conditions": {
        "recipe": "purple_shulker_box"
      }
    },
    "has_shulker_shell": {
      "trigger": "minecraft:inventory_changed",
      "conditions": {
        "items": [
          {
            "item": "minecraft:shulker_shell"
          }
        ]
      }
    }
  },
  "requirements": [
    [
      "has_the_recipe",
      "has_shulker_shell"
    ]
  ]
}