{
    "display": {
        "icon": {
            "item": "minecraft:hay_block"
        },
        "title": {
            "translate": "advancements.husbandry.root.title"
        },
        "description": {
            "translate": "advancements.husbandry.root.description"
        },
        "background": "minecraft:textures/gui/advancements/backgrounds/husbandry.png",
        "show_toast": false,
        "announce_to_chat": false
    },
    "criteria": {
        "consumed_item": {
            "trigger": "minecraft:consume_item"
        }
    }
}