{
    "display": {
        "icon": {
            "item": "minecraft:milk_bucket"
        },
        "title": {
            "translate": "advancements.nether.all_potions.title"
        },
        "description": {
            "translate": "advancements.nether.all_potions.description"
        },
        "frame": "challenge"
    },
    "parent": "minecraft:nether/brew_potion",
    "rewards": {
        "experience": 100
    },
    "criteria": {
        "all_effects": {
            "trigger": "minecraft:effects_changed",
            "conditions": {
                "effects": {
                    "minecraft:speed": {},
                    "minecraft:slowness": {},
                    "minecraft:strength": {},
                    "minecraft:jump_boost": {},
                    "minecraft:regeneration": {},
                    "minecraft:fire_resistance": {},
                    "minecraft:water_breathing": {},
                    "minecraft:invisibility": {},
                    "minecraft:night_vision": {},
                    "minecraft:weakness": {},
                    "minecraft:poison": {}
                }
            }
        }
    }
}