{
    "display": {
        "icon": {
            "item": "minecraft:lava_bucket"
        },
        "title": {
            "translate": "advancements.story.lava_bucket.title"
        },
        "description": {
            "translate": "advancements.story.lava_bucket.description"
        }
    },
    "parent": "minecraft:story/smelt_iron",
    "criteria": {
        "lava_bucket": {
            "trigger": "minecraft:inventory_changed",
            "conditions": {
                "items": [
                    {
                        "item": "minecraft:lava_bucket"
                    }
                ]
            }
        }
    }
}