{
  "parent": "minecraft:recipes/root",
  "rewards": {
    "recipes": [
      "minecraft:bowl"
    ]
  },
  "criteria": {
    "has_brown_mushroom": {
      "trigger": "minecraft:inventory_changed",
      "conditions": {
        "items": [
          {
            "item": "minecraft:brown_mushroom"
          }
        ]
      }
    },
    "has_red_mushroom": {
      "trigger": "minecraft:inventory_changed",
      "conditions": {
        "items": [
          {
            "item": "minecraft:red_mushroom"
          }
        ]
      }
    },
    "has_the_recipe": {
      "trigger": "minecraft:recipe_unlocked",
      "conditions": {
        "recipe": "bowl"
      }
    }
  },
  "requirements": [
    [
      "has_brown_mushroom",
      "has_red_mushroom",
      "has_the_recipe"
    ]
  ]
}