{
  "parent": "minecraft:recipes/root",
  "rewards": {
    "recipes": [
      "minecraft:pumpkin_seeds"
    ]
  },
  "criteria": {
    "has_pumpkin": {
      "trigger": "minecraft:inventory_changed",
      "conditions": {
        "items": [
          {
            "item": "minecraft:pumpkin"
          }
        ]
      }
    },
    "has_the_recipe": {
      "trigger": "minecraft:recipe_unlocked",
      "conditions": {
        "recipe": "pumpkin_seeds"
      }
    }
  },
  "requirements": [
    [
      "has_pumpkin",
      "has_the_recipe"
    ]
  ]
}