{
  "parent": "minecraft:recipes/root",
  "rewards": {
    "recipes": [
      "minecraft:dropper"
    ]
  },
  "criteria": {
    "has_redstone": {
      "trigger": "minecraft:inventory_changed",
      "conditions": {
        "items": [
          {
            "item": "minecraft:redstone"
          }
        ]
      }
    },
    "has_the_recipe": {
      "trigger": "minecraft:recipe_unlocked",
      "conditions": {
        "recipe": "dropper"
      }
    }
  },
  "requirements": [
    [
      "has_redstone",
      "has_the_recipe"
    ]
  ]
}