{
  "parent": "minecraft:recipes/root",
  "rewards": {
    "recipes": [
      "minecraft:sticky_piston"
    ]
  },
  "criteria": {
    "has_slime_ball": {
      "trigger": "minecraft:inventory_changed",
      "conditions": {
        "items": [
          {
            "item": "minecraft:slime_ball"
          }
        ]
      }
    },
    "has_the_recipe": {
      "trigger": "minecraft:recipe_unlocked",
      "conditions": {
        "recipe": "sticky_piston"
      }
    }
  },
  "requirements": [
    [
      "has_slime_ball",
      "has_the_recipe"
    ]
  ]
}