{
  "parent": "minecraft:recipes/root",
  "rewards": {
    "recipes": [
      "minecraft:red_nether_brick"
    ]
  },
  "criteria": {
    "has_nether_wart": {
      "trigger": "minecraft:inventory_changed",
      "conditions": {
        "items": [
          {
            "item": "minecraft:nether_wart"
          }
        ]
      }
    },
    "has_the_recipe": {
      "trigger": "minecraft:recipe_unlocked",
      "conditions": {
        "recipe": "red_nether_brick"
      }
    }
  },
  "requirements": [
    [
      "has_nether_wart",
      "has_the_recipe"
    ]
  ]
}