{
  "parent": "minecraft:recipes/root",
  "rewards": {
    "recipes": [
      "minecraft:string_to_wool"
    ]
  },
  "criteria": {
    "has_string": {
      "trigger": "minecraft:inventory_changed",
      "conditions": {
        "items": [
          {
            "item": "minecraft:string"
          }
        ]
      }
    },
    "has_the_recipe": {
      "trigger": "minecraft:recipe_unlocked",
      "conditions": {
        "recipe": "string_to_wool"
      }
    }
  },
  "requirements": [
    [
      "has_string",
      "has_the_recipe"
    ]
  ]
}